created_at,entry_id,field1,field2,field3,field4,latitude,longitude,elevation,status
2021-03-23 18:01:14 -05,1,17.50,76.20,0,,,,,
2021-03-23 18:01:32 -05,2,17.50,76.00,0,,,,,
2021-03-23 18:01:50 -05,3,17.40,76.10,0,,,,,
2021-03-23 18:02:07 -05,4,17.40,75.60,0,,,,,
2021-03-24 12:01:29 -05,5,32.30,36.10,3,,,,,
2021-03-24 18:01:29 -05,6,19.40,59.60,0,,,,,
2021-03-25 00:01:29 -05,7,13.80,82.20,0,,,,,
2021-03-25 12:01:29 -05,8,33.00,30.00,2,,,,,
2021-03-25 18:01:29 -05,9,23.00,45.30,0,,,,,
2021-03-26 00:01:30 -05,10,14.40,77.10,0,,,,,
2021-03-26 06:10:29 -05,11,14.30,82.60,0,,,,,
2021-03-26 12:01:29 -05,12,28.60,40.10,3,,,,,
2021-03-26 18:01:29 -05,13,23.00,45.20,0,,,,,
2021-03-27 00:01:29 -05,14,16.50,77.80,1,,,,,
2021-03-27 06:10:29 -05,15,15.00,85.90,0,,,,,
2021-03-27 12:01:29 -05,16,30.50,35.90,3,,,,,
2021-03-27 20:01:29 -05,17,18.70,60.70,0,,,,,
2021-03-27 21:01:29 -05,18,18.30,63.20,1,,,,,
2021-03-27 22:01:29 -05,19,17.70,66.60,0,,,,,
2021-03-27 23:01:29 -05,20,17.20,68.80,0,,,,,
2021-03-28 00:01:29 -05,21,16.90,70.00,0,,,,,
2021-03-28 01:01:29 -05,22,16.10,71.40,0,,,,,
2021-03-28 02:01:28 -05,23,16.20,72.90,0,,,,,
2021-03-28 03:01:29 -05,24,16.00,72.30,0,,,,,
2021-03-28 04:01:29 -05,25,15.70,76.90,0,,,,,
2021-03-28 05:01:28 -05,26,15.50,78.90,0,,,,,
2021-03-28 06:10:29 -05,27,15.40,79.20,1,,,,,
2021-03-28 07:01:29 -05,28,15.80,80.80,0,,,,,
2021-03-28 08:01:29 -05,29,17.90,73.30,1,,,,,
2021-03-28 09:01:29 -05,30,20.10,65.00,0,,,,,
2021-03-28 10:01:29 -05,31,23.80,52.50,0,,,,,
2021-03-28 11:01:29 -05,32,25.40,46.90,0,,,,,
2021-03-28 12:01:29 -05,33,27.00,43.40,2,,,,,
2021-03-28 13:01:29 -05,34,27.50,42.00,2,,,,,
2021-03-28 14:01:28 -05,35,26.50,44.20,0,,,,,
2021-03-28 15:01:29 -05,36,25.60,43.20,1,,,,,
2021-03-28 16:01:29 -05,37,27.50,40.50,2,,,,,
2021-03-28 17:01:29 -05,38,22.80,50.40,1,,,,,
2021-03-28 18:01:29 -05,39,19.90,57.80,0,,,,,
2021-03-28 19:01:29 -05,40,18.10,65.60,0,,,,,
2021-03-28 20:01:29 -05,41,17.50,67.00,0,,,,,
2021-03-28 21:01:29 -05,42,16.90,69.50,0,,,,,
2021-03-28 22:01:29 -05,43,16.60,70.40,0,,,,,
2021-03-28 23:01:29 -05,44,16.50,70.80,0,,,,,
2021-03-29 00:01:29 -05,45,16.30,74.00,0,,,,,
2021-03-29 01:01:29 -05,46,15.70,76.60,0,,,,,
2021-03-29 02:01:28 -05,47,15.50,76.00,0,,,,,
2021-03-29 03:01:29 -05,48,15.20,77.20,0,,,,,
2021-03-29 04:01:29 -05,49,15.00,76.30,0,,,,,
2021-03-29 05:01:29 -05,50,15.00,75.50,0,,,,,
2021-03-29 06:10:29 -05,51,15.20,75.90,0,,,,,
2021-03-29 07:01:28 -05,52,15.60,75.50,0,,,,,
2021-03-29 08:01:29 -05,53,17.10,71.60,0,,,,,
2021-03-29 09:01:28 -05,54,18.80,66.40,1,,,,,
2021-03-29 10:01:29 -05,55,22.90,57.90,0,,,,,
2021-03-29 11:01:29 -05,56,26.40,48.60,0,,,,,
2021-03-29 12:01:28 -05,57,24.90,50.30,1,,,,,
2021-03-29 13:01:28 -05,58,24.10,48.70,0,,,,,
2021-03-29 14:01:28 -05,59,21.70,54.50,0,,,,,
2021-03-29 15:01:29 -05,60,22.40,55.80,0,,,,,
2021-03-29 16:01:29 -05,61,24.80,47.20,1,,,,,
2021-03-29 17:01:29 -05,62,23.70,47.90,2,,,,,
2021-03-29 18:01:29 -05,63,19.20,55.90,0,,,,,
2021-03-29 19:01:28 -05,64,17.30,61.40,0,,,,,
2021-03-29 20:01:29 -05,65,16.70,65.50,0,,,,,
2021-03-29 21:01:29 -05,66,16.20,68.60,0,,,,,
2021-03-29 22:01:29 -05,67,16.10,72.10,0,,,,,
2021-03-29 23:01:29 -05,68,15.80,75.10,0,,,,,
2021-03-30 00:01:29 -05,69,15.60,79.30,0,,,,,
2021-03-30 01:01:28 -05,70,15.30,81.60,0,,,,,
2021-03-30 02:01:29 -05,71,15.00,80.70,0,,,,,
2021-03-30 03:01:28 -05,72,14.90,80.00,0,,,,,
2021-03-30 04:01:29 -05,73,14.80,79.50,0,,,,,
2021-03-30 05:01:29 -05,74,14.70,78.80,0,,,,,
2021-03-30 06:10:29 -05,75,14.60,79.60,1,,,,,
2021-03-30 07:01:29 -05,76,14.90,79.40,0,,,,,
2021-03-30 08:01:28 -05,77,17.40,72.10,1,,,,,
2021-03-30 09:01:36 -05,78,19.00,67.00,2,,,,,
2021-03-30 10:01:29 -05,79,21.00,57.60,0,,,,,
2021-03-30 11:01:28 -05,80,25.50,50.70,0,,,,,
2021-03-30 12:01:29 -05,81,30.10,37.70,2,,,,,
2021-03-30 13:01:29 -05,82,25.90,41.80,0,,,,,
2021-03-30 14:01:29 -05,83,23.10,46.30,0,,,,,
2021-03-30 15:01:29 -05,84,22.50,46.20,0,,,,,
2021-03-30 16:01:29 -05,85,20.80,50.80,0,,,,,
2021-03-30 17:01:29 -05,86,21.00,50.20,0,,,,,
2021-03-30 18:01:29 -05,87,19.30,54.40,0,,,,,
2021-03-30 19:01:28 -05,88,16.50,61.70,0,,,,,
2021-03-30 20:01:29 -05,89,14.90,65.30,0,,,,,
2021-03-30 21:01:29 -05,90,13.60,70.50,0,,,,,
2021-03-30 22:01:28 -05,91,12.90,73.50,0,,,,,
2021-03-30 23:01:29 -05,92,13.70,74.40,0,,,,,
2021-03-31 00:01:29 -05,93,14.10,73.00,0,,,,,
2021-03-31 01:01:29 -05,94,14.50,73.40,0,,,,,
2021-03-31 03:01:28 -05,95,14.50,74.40,0,,,,,
2021-03-31 04:01:28 -05,96,14.30,76.20,0,,,,,
2021-03-31 05:01:29 -05,97,14.00,80.90,0,,,,,
2021-03-31 06:10:28 -05,98,13.90,81.40,0,,,,,
2021-03-31 08:01:28 -05,99,17.80,69.60,1,,,,,
2021-03-31 09:01:29 -05,100,22.00,57.40,0,,,,,
2021-03-31 10:01:29 -05,101,24.60,50.80,0,,,,,
2021-03-31 11:01:29 -05,102,27.10,43.80,3,,,,,
2021-03-31 12:01:29 -05,103,27.30,40.60,2,,,,,
2021-03-31 13:01:28 -05,104,27.00,41.40,4,,,,,
2021-03-31 14:01:28 -05,105,27.60,40.40,3,,,,,
2021-03-31 15:01:28 -05,106,23.30,53.30,0,,,,,
2021-03-31 16:01:28 -05,107,22.40,53.30,0,,,,,
2021-03-31 17:01:29 -05,108,20.90,57.10,0,,,,,
2021-03-31 18:01:29 -05,109,19.70,57.80,1,,,,,
2021-03-31 19:01:29 -05,110,17.80,64.70,0,,,,,
2021-03-31 20:01:29 -05,111,17.10,68.10,1,,,,,
2021-03-31 21:01:29 -05,112,16.70,68.30,0,,,,,
2021-03-31 22:01:29 -05,113,16.40,69.00,1,,,,,
2021-03-31 23:01:28 -05,114,15.90,69.30,0,,,,,
2021-04-01 00:01:29 -05,115,15.60,74.00,0,,,,,
2021-04-01 01:01:29 -05,116,15.30,76.50,0,,,,,
2021-04-01 02:01:28 -05,117,15.00,77.10,0,,,,,
2021-04-01 03:01:29 -05,118,14.70,79.70,0,,,,,
2021-04-01 04:01:29 -05,119,14.10,81.80,0,,,,,
2021-04-01 05:01:28 -05,120,13.40,87.00,0,,,,,
2021-04-01 06:10:29 -05,121,13.20,87.80,0,,,,,
2021-04-01 07:01:28 -05,122,14.00,87.90,0,,,,,
2021-04-01 08:01:29 -05,123,18.00,72.50,0,,,,,
2021-04-01 09:01:29 -05,124,22.20,57.00,1,,,,,
2021-04-01 10:01:29 -05,125,26.90,45.40,0,,,,,
2021-04-01 11:01:29 -05,126,28.00,40.00,3,,,,,
2021-04-01 12:01:29 -05,127,25.10,45.50,1,,,,,
2021-04-01 13:01:29 -05,128,26.00,44.70,0,,,,,
2021-04-01 14:01:28 -05,129,26.90,41.50,4,,,,,
2021-04-01 15:01:28 -05,130,30.50,36.80,2,,,,,
2021-04-01 16:01:29 -05,131,30.30,34.50,2,,,,,
2021-04-01 18:01:29 -05,132,21.90,50.90,1,,,,,
2021-04-01 21:01:28 -05,133,18.10,64.90,0,,,,,
2021-04-01 22:01:29 -05,134,17.60,66.10,1,,,,,
2021-04-01 23:01:28 -05,135,16.90,69.20,0,,,,,
2021-04-02 01:01:28 -05,136,16.60,70.10,0,,,,,
2021-04-02 03:01:29 -05,137,15.40,90.20,1,,,,,
2021-04-02 04:01:29 -05,138,14.90,91.80,1,,,,,
2021-04-02 05:01:28 -05,139,14.80,92.40,1,,,,,
2021-04-02 06:10:29 -05,140,14.60,93.10,0,,,,,
2021-04-02 07:01:28 -05,141,15.00,91.40,0,,,,,
2021-04-02 08:01:29 -05,142,18.00,84.40,0,,,,,
2021-04-02 09:01:29 -05,143,25.80,56.50,0,,,,,
2021-04-02 10:01:29 -05,144,26.90,49.70,0,,,,,
2021-04-02 11:01:29 -05,145,26.60,44.60,0,,,,,
2021-04-02 12:01:28 -05,146,26.90,42.50,1,,,,,
2021-04-02 14:01:28 -05,147,30.00,35.30,3,,,,,
2021-04-02 16:01:28 -05,148,27.00,38.90,1,,,,,
2021-04-02 17:01:29 -05,149,22.80,47.70,1,,,,,
2021-04-02 19:01:28 -05,150,19.10,58.20,1,,,,,
2021-04-02 20:01:28 -05,151,18.40,61.00,1,,,,,
2021-04-02 21:01:29 -05,152,17.60,65.80,0,,,,,
2021-04-02 22:01:28 -05,153,17.00,70.50,0,,,,,
2021-04-02 23:01:28 -05,154,16.90,82.10,0,,,,,
2021-04-03 01:01:28 -05,155,16.50,88.20,0,,,,,
2021-04-03 04:01:28 -05,156,15.70,90.00,0,,,,,
2021-04-03 05:01:29 -05,157,15.50,90.50,0,,,,,
2021-04-03 06:10:29 -05,158,15.40,90.30,1,,,,,
2021-04-03 07:01:28 -05,159,15.80,90.30,0,,,,,
2021-04-03 08:01:29 -05,160,17.00,87.90,0,,,,,
2021-04-03 09:01:28 -05,161,19.20,80.70,0,,,,,
2021-04-03 10:01:28 -05,162,21.60,69.70,0,,,,,
2021-04-03 11:01:28 -05,163,23.70,58.50,1,,,,,
2021-04-03 12:01:29 -05,164,21.40,58.80,1,,,,,
2021-04-03 13:01:29 -05,165,21.50,62.50,0,,,,,
2021-04-03 14:01:28 -05,166,21.60,62.40,0,,,,,
2021-04-03 15:01:28 -05,167,22.90,57.00,0,,,,,
2021-04-03 16:01:29 -05,168,22.00,56.60,0,,,,,
2021-04-03 17:01:29 -05,169,23.00,53.60,1,,,,,
2021-04-03 18:01:28 -05,170,19.00,61.20,1,,,,,
2021-04-03 19:01:28 -05,171,17.10,66.90,0,,,,,
2021-04-03 20:01:28 -05,172,15.80,71.30,1,,,,,
2021-04-03 21:01:28 -05,173,14.80,76.90,0,,,,,
2021-04-03 22:01:28 -05,174,14.10,80.40,0,,,,,
2021-04-03 23:01:28 -05,175,13.10,83.00,0,,,,,
2021-04-04 02:01:29 -05,176,13.00,88.90,0,,,,,
2021-04-04 03:01:28 -05,177,13.30,87.80,1,,,,,
2021-04-04 04:01:29 -05,178,13.60,87.10,0,,,,,
2021-04-04 05:01:28 -05,179,13.80,88.30,0,,,,,
2021-04-04 06:10:29 -05,180,13.60,88.40,0,,,,,
2021-04-04 08:01:28 -05,181,20.20,70.20,0,,,,,
2021-04-04 09:01:28 -05,182,20.30,65.10,1,,,,,
2021-04-04 10:01:28 -05,183,21.10,63.50,1,,,,,
2021-04-04 11:01:28 -05,184,20.90,65.10,0,,,,,
2021-04-04 12:01:29 -05,185,18.60,76.40,0,,,,,
2021-04-04 13:01:28 -05,186,17.50,87.50,2,,,,,
2021-04-04 16:01:28 -05,187,18.00,84.80,0,,,,,
2021-04-04 18:01:29 -05,188,16.20,88.30,0,,,,,
2021-04-04 19:01:28 -05,189,14.50,91.30,0,,,,,
2021-04-04 20:01:29 -05,190,13.50,93.00,0,,,,,
2021-04-04 21:01:28 -05,191,13.80,93.30,0,,,,,
2021-04-04 22:01:28 -05,192,13.80,93.50,0,,,,,
2021-04-04 23:01:28 -05,193,13.50,93.60,1,,,,,
2021-04-05 00:01:28 -05,194,13.00,93.20,0,,,,,
2021-04-05 01:01:29 -05,195,12.80,93.60,0,,,,,
2021-04-05 02:01:28 -05,196,12.70,93.70,0,,,,,
2021-04-05 04:01:29 -05,197,12.90,94.00,0,,,,,
2021-04-05 05:01:28 -05,198,12.90,94.60,0,,,,,
2021-04-05 06:10:28 -05,199,12.80,94.30,0,,,,,
2021-04-05 08:01:29 -05,200,14.20,93.50,1,,,,,
2021-04-05 09:01:28 -05,201,17.00,90.20,0,,,,,
2021-04-05 10:01:28 -05,202,19.10,82.50,0,,,,,
2021-04-05 11:01:28 -05,203,26.50,58.70,0,,,,,
2021-04-05 12:01:28 -05,204,25.80,57.00,0,,,,,
2021-04-05 15:01:28 -05,205,27.60,42.00,3,,,,,
2021-04-05 17:01:28 -05,206,22.70,49.70,1,,,,,
2021-04-05 19:01:28 -05,207,17.70,64.10,0,,,,,
2021-04-05 21:01:28 -05,208,14.70,74.30,0,,,,,
2021-04-05 22:01:28 -05,209,13.60,78.60,0,,,,,
2021-04-05 23:01:28 -05,210,14.20,79.10,0,,,,,
2021-04-06 07:01:29 -05,211,13.50,88.80,0,,,,,
2021-04-06 08:01:29 -05,212,15.20,85.80,0,,,,,
2021-04-06 09:01:28 -05,213,17.30,73.40,0,,,,,
2021-04-06 11:01:28 -05,214,27.10,42.60,3,,,,,
2021-04-06 12:01:28 -05,215,28.50,37.70,3,,,,,
2021-04-06 13:01:29 -05,216,26.90,40.10,0,,,,,
2021-04-06 14:01:29 -05,217,27.00,41.00,0,,,,,
2021-04-06 15:01:28 -05,218,24.80,44.70,1,,,,,
2021-04-06 16:01:28 -05,219,24.90,45.20,0,,,,,
2021-04-06 17:01:28 -05,220,23.20,47.20,0,,,,,
2021-04-06 18:01:28 -05,221,19.80,54.30,0,,,,,
2021-04-06 19:01:28 -05,222,17.40,60.90,0,,,,,
2021-04-06 20:01:28 -05,223,16.60,65.70,0,,,,,
2021-04-06 21:01:27 -05,224,15.20,71.60,0,,,,,
2021-04-06 22:01:28 -05,225,14.30,74.90,0,,,,,
2021-04-06 23:01:28 -05,226,13.60,78.90,0,,,,,
2021-04-07 00:01:27 -05,227,14.10,79.80,0,,,,,
2021-04-07 01:01:28 -05,228,14.50,78.10,0,,,,,
2021-04-07 02:01:28 -05,229,14.30,77.80,0,,,,,
2021-04-07 04:01:28 -05,230,12.80,83.90,0,,,,,
2021-04-07 05:01:28 -05,231,13.50,81.00,0,,,,,
2021-04-07 06:10:28 -05,232,13.60,85.30,0,,,,,
2021-04-07 08:01:28 -05,233,16.40,76.80,1,,,,,
2021-04-07 09:01:28 -05,234,23.60,55.40,0,,,,,
2021-04-07 10:01:28 -05,235,21.60,55.30,1,,,,,
2021-04-07 11:01:28 -05,236,24.10,50.30,0,,,,,
2021-04-07 12:01:28 -05,237,26.50,42.70,0,,,,,
2021-04-07 13:01:28 -05,238,25.30,56.40,0,,,,,
2021-04-07 14:01:28 -05,239,25.20,50.80,1,,,,,
2021-04-07 15:01:28 -05,240,22.10,60.30,1,,,,,
2021-04-07 16:01:29 -05,241,20.50,69.60,0,,,,,
2021-04-07 17:01:28 -05,242,19.70,67.90,0,,,,,
2021-04-07 18:01:28 -05,243,17.90,72.80,0,,,,,
2021-04-07 19:01:28 -05,244,16.80,79.60,0,,,,,
2021-04-07 20:01:28 -05,245,16.50,78.80,0,,,,,
2021-04-07 21:01:28 -05,246,16.20,79.10,0,,,,,
2021-04-07 22:01:28 -05,247,15.80,80.10,0,,,,,
2021-04-07 23:01:28 -05,248,15.20,82.10,0,,,,,
2021-04-08 00:01:27 -05,249,15.20,85.00,0,,,,,
2021-04-08 02:01:28 -05,250,14.50,90.20,0,,,,,
2021-04-08 03:01:29 -05,251,14.30,90.80,0,,,,,
2021-04-08 04:01:28 -05,252,14.20,91.70,0,,,,,
2021-04-08 05:01:28 -05,253,14.00,91.50,0,,,,,
2021-04-08 06:10:28 -05,254,13.80,92.10,0,,,,,
2021-04-08 07:01:28 -05,255,14.30,91.10,0,,,,,
2021-04-08 09:01:28 -05,256,21.10,69.30,0,,,,,
2021-04-08 10:01:28 -05,257,25.30,51.70,0,,,,,
2021-04-08 11:01:28 -05,258,27.00,46.40,0,,,,,
2021-04-08 12:01:28 -05,259,26.70,42.50,0,,,,,
2021-04-08 13:01:28 -05,260,27.60,40.00,4,,,,,
2021-04-08 14:01:28 -05,261,27.80,38.10,3,,,,,
2021-04-08 16:01:28 -05,262,22.10,49.10,0,,,,,
2021-04-08 20:01:28 -05,263,16.40,60.90,0,,,,,
2021-04-08 21:01:28 -05,264,15.30,64.10,0,,,,,
2021-04-08 23:01:28 -05,265,13.60,70.40,0,,,,,
2021-04-09 00:01:27 -05,266,13.10,72.70,1,,,,,
2021-04-09 01:01:28 -05,267,13.20,74.10,0,,,,,
2021-04-09 02:01:27 -05,268,13.10,74.10,0,,,,,
2021-04-09 03:01:30 -05,269,12.20,76.80,1,,,,,
2021-04-09 04:01:36 -05,270,11.50,78.30,0,,,,,
2021-04-09 05:01:27 -05,271,11.00,79.20,0,,,,,
2021-04-09 06:10:28 -05,272,10.90,82.50,0,,,,,
2021-04-09 07:01:28 -05,273,11.80,79.20,0,,,,,
2021-04-09 08:01:28 -05,274,17.10,66.00,0,,,,,
2021-04-09 10:01:28 -05,275,27.00,39.40,3,,,,,
2021-04-09 11:01:28 -05,276,27.20,39.30,4,,,,,
2021-04-09 12:01:28 -05,277,22.60,45.50,0,,,,,
2021-04-09 13:01:28 -05,278,24.10,44.90,0,,,,,
2021-04-09 14:01:28 -05,279,24.90,42.10,0,,,,,
2021-04-09 15:01:28 -05,280,23.50,47.30,0,,,,,
2021-04-09 16:01:28 -05,281,19.10,72.50,0,,,,,
2021-04-09 17:01:27 -05,282,19.60,72.80,1,,,,,
2021-04-09 18:01:33 -05,283,18.00,73.80,0,,,,,
2021-04-09 20:01:28 -05,284,15.10,80.20,0,,,,,
2021-04-09 21:01:27 -05,285,15.30,82.30,0,,,,,
2021-04-09 22:01:28 -05,286,15.20,81.80,0,,,,,
2021-04-09 23:01:28 -05,287,15.10,82.50,0,,,,,
2021-04-10 00:01:28 -05,288,14.10,82.90,0,,,,,
2021-04-10 01:01:28 -05,289,13.10,84.00,0,,,,,
2021-04-10 02:01:28 -05,290,12.70,83.10,1,,,,,
2021-04-10 03:01:27 -05,291,12.00,83.80,0,,,,,
2021-04-10 04:01:28 -05,292,11.70,84.10,1,,,,,
2021-04-10 05:01:27 -05,293,12.00,85.50,0,,,,,
2021-04-10 06:10:28 -05,294,12.00,86.40,2,,,,,
2021-04-10 07:01:28 -05,295,12.70,85.00,0,,,,,
2021-04-10 08:01:35 -05,296,18.60,71.10,1,,,,,
2021-04-10 10:01:28 -05,297,26.80,41.50,0,,,,,
2021-04-10 11:01:28 -05,298,26.40,41.60,0,,,,,
2021-04-10 12:01:28 -05,299,26.60,40.20,1,,,,,
2021-04-10 13:01:28 -05,300,24.70,41.80,1,,,,,
2021-04-10 14:01:28 -05,301,25.50,40.90,0,,,,,
2021-04-10 15:01:27 -05,302,26.50,39.30,0,,,,,
2021-04-10 16:01:27 -05,303,25.30,41.30,0,,,,,
2021-04-10 17:01:27 -05,304,24.10,43.70,0,,,,,
2021-04-10 18:01:28 -05,305,20.60,51.30,0,,,,,
2021-04-10 19:01:27 -05,306,18.70,55.20,1,,,,,
2021-04-10 20:01:27 -05,307,17.50,59.60,0,,,,,
2021-04-10 21:01:28 -05,308,16.60,62.60,1,,,,,
2021-04-10 23:01:27 -05,309,16.20,68.70,1,,,,,
2021-04-11 00:01:28 -05,310,16.20,72.00,0,,,,,
2021-04-11 01:01:27 -05,311,15.40,74.20,0,,,,,
2021-04-11 02:01:28 -05,312,14.60,76.80,0,,,,,
2021-04-11 03:01:27 -05,313,14.40,77.50,0,,,,,
2021-04-11 04:01:27 -05,314,14.80,78.40,0,,,,,
2021-04-11 05:01:28 -05,315,14.80,73.30,0,,,,,
2021-04-11 06:10:27 -05,316,14.70,70.50,0,,,,,
2021-04-11 07:01:31 -05,317,14.80,68.60,0,,,,,
2021-04-11 08:01:27 -05,318,16.50,67.90,1,,,,,
2021-04-11 09:01:27 -05,319,18.30,64.50,1,,,,,
2021-04-11 10:01:28 -05,320,19.60,60.40,0,,,,,
2021-04-11 11:01:27 -05,321,23.60,53.00,0,,,,,
2021-04-11 12:01:28 -05,322,27.00,43.30,3,,,,,
2021-04-11 14:01:27 -05,323,24.90,49.10,1,,,,,
2021-04-11 15:01:27 -05,324,28.10,38.40,4,,,,,
2021-04-11 16:01:28 -05,325,26.70,37.30,0,,,,,
2021-04-11 17:01:28 -05,326,25.00,41.30,0,,,,,
2021-04-11 18:01:28 -05,327,21.10,52.90,0,,,,,
2021-04-11 19:01:27 -05,328,18.70,52.00,1,,,,,
2021-04-11 20:01:27 -05,329,17.30,55.40,0,,,,,
2021-04-11 21:01:28 -05,330,15.90,62.40,0,,,,,
2021-04-11 23:01:28 -05,331,14.10,67.00,0,,,,,
2021-04-12 00:01:27 -05,332,13.50,69.20,0,,,,,
2021-04-12 01:01:28 -05,333,12.80,71.40,1,,,,,
2021-04-12 02:01:27 -05,334,12.20,73.60,1,,,,,
2021-04-12 03:01:28 -05,335,11.80,75.10,1,,,,,
2021-04-12 04:01:27 -05,336,12.10,76.10,0,,,,,
2021-04-12 06:10:27 -05,337,12.70,73.90,1,,,,,
2021-04-12 07:01:28 -05,338,13.20,75.40,0,,,,,
2021-04-12 08:01:28 -05,339,15.10,72.50,0,,,,,
2021-04-12 09:01:27 -05,340,17.00,65.80,0,,,,,
2021-04-12 10:01:28 -05,341,17.20,66.80,0,,,,,
2021-04-12 11:01:27 -05,342,18.50,67.10,1,,,,,
2021-04-12 12:01:28 -05,343,20.80,58.90,0,,,,,
2021-04-12 13:01:27 -05,344,20.70,58.10,0,,,,,
2021-04-12 14:01:27 -05,345,19.90,67.20,0,,,,,
2021-04-12 15:01:28 -05,346,24.60,50.80,0,,,,,
2021-04-12 16:01:28 -05,347,22.50,53.50,0,,,,,
2021-04-12 17:01:27 -05,348,21.30,50.70,1,,,,,
2021-04-12 18:01:27 -05,349,17.90,61.60,1,,,,,
2021-04-12 19:01:28 -05,350,16.90,63.70,0,,,,,
2021-04-12 20:01:27 -05,351,16.20,65.80,0,,,,,
2021-04-12 21:01:28 -05,352,15.70,68.30,1,,,,,
2021-04-12 22:01:28 -05,353,15.70,69.30,0,,,,,
2021-04-12 23:01:28 -05,354,15.20,74.40,1,,,,,
2021-04-13 00:01:28 -05,355,14.90,81.00,0,,,,,
2021-04-13 01:01:27 -05,356,14.60,81.70,0,,,,,
2021-04-13 02:01:28 -05,357,14.30,82.50,0,,,,,
2021-04-13 03:01:27 -05,358,14.20,84.20,0,,,,,
2021-04-13 04:01:28 -05,359,13.90,85.90,1,,,,,
2021-04-13 05:01:27 -05,360,14.00,85.20,0,,,,,
2021-04-13 06:10:28 -05,361,14.00,84.10,0,,,,,
2021-04-13 07:01:27 -05,362,14.30,84.50,0,,,,,
2021-04-13 08:01:28 -05,363,15.60,79.30,1,,,,,
2021-04-13 09:01:27 -05,364,24.00,56.00,2,,,,,
2021-04-13 10:01:27 -05,365,27.00,43.80,6,,,,,
2021-04-13 11:01:27 -05,366,27.60,39.60,4,,,,,
2021-04-13 12:01:27 -05,367,27.10,39.00,4,,,,,
2021-04-13 13:01:28 -05,368,27.80,37.50,3,,,,,
2021-04-13 14:01:27 -05,369,26.90,39.20,1,,,,,
2021-04-13 15:01:27 -05,370,27.00,39.20,5,,,,,
2021-04-13 16:01:27 -05,371,25.70,41.60,0,,,,,
2021-04-13 17:01:28 -05,372,25.60,41.90,0,,,,,
2021-04-13 18:01:28 -05,373,21.30,50.80,0,,,,,
2021-04-13 19:01:27 -05,374,18.80,57.10,0,,,,,
2021-04-13 20:01:27 -05,375,17.80,60.60,0,,,,,
2021-04-13 21:01:28 -05,376,17.20,64.40,0,,,,,
2021-04-13 22:01:28 -05,377,17.10,65.60,0,,,,,
2021-04-13 23:01:27 -05,378,17.50,65.10,1,,,,,
2021-04-14 00:01:28 -05,379,17.10,67.20,0,,,,,
2021-04-14 01:01:27 -05,380,17.00,66.80,0,,,,,
2021-04-14 02:01:28 -05,381,16.50,71.60,0,,,,,
2021-04-14 03:01:27 -05,382,16.10,76.40,0,,,,,
2021-04-14 04:01:28 -05,383,16.00,75.50,0,,,,,
2021-04-14 05:01:27 -05,384,16.00,76.20,0,,,,,
2021-04-14 06:10:27 -05,385,16.00,73.30,0,,,,,
2021-04-14 07:01:27 -05,386,16.80,70.50,1,,,,,
2021-04-14 08:01:27 -05,387,19.30,61.00,0,,,,,
2021-04-14 09:01:27 -05,388,23.60,51.30,1,,,,,
2021-04-14 10:01:28 -05,389,24.60,46.60,0,,,,,
2021-04-14 11:01:28 -05,390,26.50,40.90,0,,,,,
2021-04-14 12:01:27 -05,391,27.00,38.20,6,,,,,
2021-04-14 13:01:30 -05,392,28.70,35.20,3,,,,,
2021-04-14 14:01:28 -05,393,27.40,37.00,4,,,,,
2021-04-14 15:01:28 -05,394,26.10,38.60,0,,,,,
2021-04-14 16:01:27 -05,395,25.00,41.20,1,,,,,
2021-04-14 17:01:27 -05,396,23.20,45.00,0,,,,,
2021-04-14 18:01:27 -05,397,20.70,51.60,0,,,,,
2021-04-14 19:01:27 -05,398,19.40,57.40,0,,,,,
2021-04-14 21:01:27 -05,399,17.80,62.90,0,,,,,
2021-04-14 22:01:27 -05,400,17.20,68.50,1,,,,,
2021-04-14 23:01:27 -05,401,17.10,74.20,0,,,,,
2021-04-15 00:01:29 -05,402,16.50,82.00,0,,,,,
2021-04-15 01:01:27 -05,403,16.00,83.20,0,,,,,
2021-04-15 02:01:29 -05,404,16.10,83.70,0,,,,,
2021-04-15 03:01:27 -05,405,15.70,86.10,0,,,,,
2021-04-15 04:01:28 -05,406,15.40,90.00,0,,,,,
2021-04-15 05:01:27 -05,407,15.30,89.80,0,,,,,
2021-04-15 06:10:27 -05,408,15.30,90.60,0,,,,,
2021-04-15 07:01:27 -05,409,15.70,90.50,1,,,,,
2021-04-15 08:01:28 -05,410,17.40,89.30,1,,,,,
2021-04-15 09:01:28 -05,411,22.80,66.50,0,,,,,
2021-04-15 10:01:28 -05,412,25.80,58.20,0,,,,,
2021-04-15 11:01:29 -05,413,27.00,47.50,4,,,,,
2021-04-15 12:01:29 -05,414,27.00,43.90,4,,,,,
2021-04-15 13:01:29 -05,415,26.90,45.10,1,,,,,
2021-04-15 14:01:29 -05,416,23.60,59.70,0,,,,,
2021-04-15 15:01:27 -05,417,24.70,54.50,0,,,,,
2021-04-15 16:01:27 -05,418,21.80,57.30,1,,,,,
2021-04-15 17:01:27 -05,419,19.40,63.80,0,,,,,
2021-04-15 18:01:27 -05,420,17.70,63.20,0,,,,,
2021-04-15 19:01:27 -05,421,16.60,66.10,0,,,,,
2021-04-15 20:01:27 -05,422,15.80,69.20,0,,,,,
2021-04-15 22:01:27 -05,423,14.80,73.70,0,,,,,
2021-04-15 23:01:27 -05,424,14.10,75.30,0,,,,,
2021-04-16 01:01:28 -05,425,14.50,76.30,1,,,,,
2021-04-16 02:01:27 -05,426,14.40,77.30,0,,,,,
2021-04-16 03:01:27 -05,427,14.10,79.70,0,,,,,
2021-04-16 04:01:27 -05,428,14.00,79.40,0,,,,,
2021-04-16 05:01:28 -05,429,13.90,80.40,0,,,,,
2021-04-16 06:10:27 -05,430,12.60,82.30,1,,,,,
2021-04-16 07:01:27 -05,431,13.20,81.80,1,,,,,
2021-04-16 08:01:27 -05,432,20.30,62.40,0,,,,,
2021-04-16 09:01:27 -05,433,21.40,58.10,1,,,,,
2021-04-16 10:01:27 -05,434,22.90,54.30,0,,,,,
2021-04-16 11:01:27 -05,435,26.80,45.70,1,,,,,
2021-04-16 12:01:27 -05,436,25.60,47.70,1,,,,,
2021-04-16 13:01:27 -05,437,25.90,45.70,0,,,,,
2021-04-16 15:01:27 -05,438,25.80,42.10,0,,,,,
2021-04-16 16:01:27 -05,439,23.60,47.20,0,,,,,
2021-04-16 17:01:27 -05,440,22.00,50.70,1,,,,,
2021-04-16 19:01:27 -05,441,18.00,59.90,1,,,,,
2021-04-16 20:01:27 -05,442,16.70,62.70,0,,,,,
2021-04-16 21:01:27 -05,443,15.70,69.40,1,,,,,
2021-04-16 22:01:28 -05,444,15.00,72.30,0,,,,,
2021-04-16 23:01:27 -05,445,15.20,74.40,1,,,,,
2021-04-17 00:01:28 -05,446,16.20,70.80,0,,,,,
2021-04-17 01:01:27 -05,447,16.00,71.30,0,,,,,
2021-04-17 02:01:27 -05,448,14.60,72.50,0,,,,,
2021-04-17 03:01:28 -05,449,13.90,74.30,0,,,,,
2021-04-17 04:01:27 -05,450,14.20,76.60,0,,,,,
2021-04-17 05:01:27 -05,451,13.80,78.10,0,,,,,
2021-04-17 06:10:26 -05,452,13.60,78.20,1,,,,,
2021-04-17 07:01:27 -05,453,13.90,79.50,1,,,,,
2021-04-17 09:01:27 -05,454,20.00,61.60,1,,,,,
2021-04-17 10:01:28 -05,455,22.80,55.10,0,,,,,
2021-04-17 11:01:28 -05,456,25.20,49.20,1,,,,,
2021-04-17 12:01:28 -05,457,24.00,48.30,1,,,,,
2021-04-17 13:01:28 -05,458,21.70,60.50,0,,,,,
2021-04-17 15:01:28 -05,459,22.50,67.90,0,,,,,
2021-04-17 16:01:27 -05,460,20.90,67.70,0,,,,,
2021-04-17 17:01:27 -05,461,19.20,67.50,0,,,,,
2021-04-17 18:01:27 -05,462,17.30,73.20,1,,,,,
2021-04-17 19:01:26 -05,463,15.30,77.20,0,,,,,
2021-04-17 20:01:27 -05,464,14.30,80.10,0,,,,,
2021-04-17 21:01:27 -05,465,13.20,81.90,0,,,,,
2021-04-17 22:01:27 -05,466,12.80,83.00,0,,,,,
2021-04-17 23:01:27 -05,467,12.80,83.90,0,,,,,
2021-04-18 00:01:28 -05,468,12.50,84.20,0,,,,,
2021-04-18 01:01:27 -05,469,11.80,85.60,0,,,,,
2021-04-18 02:01:27 -05,470,11.10,85.80,0,,,,,
2021-04-18 03:01:26 -05,471,10.40,86.10,0,,,,,
2021-04-18 05:01:27 -05,472,9.50,86.00,1,,,,,
2021-04-18 08:01:26 -05,473,14.30,79.90,0,,,,,
2021-04-18 09:01:27 -05,474,15.90,72.60,0,,,,,
2021-04-18 10:01:27 -05,475,19.80,62.20,0,,,,,
2021-04-18 11:01:27 -05,476,25.70,44.00,0,,,,,
2021-04-18 12:01:27 -05,477,28.20,39.00,3,,,,,
2021-04-18 13:01:27 -05,478,28.20,37.40,5,5,,,,
2021-04-18 14:01:26 -05,479,26.80,41.70,0,1,,,,
2021-04-18 15:01:26 -05,480,26.50,38.80,1,0,,,,
2021-04-18 16:01:27 -05,481,24.60,42.20,1,0,,,,
2021-04-18 17:01:27 -05,482,24.80,42.90,14,7,,,,
2021-04-18 23:01:27 -05,483,18.10,64.30,28,60,,,,
2021-04-19 04:01:28 -05,484,16.00,84.70,25,59,,,,
2021-04-19 09:01:26 -05,485,18.70,87.40,49,123,,,,
2021-04-19 10:01:26 -05,486,18.70,83.00,48,126,,,,
2021-04-19 11:01:27 -05,487,19.40,80.20,61,146,,,,
2021-04-19 12:01:26 -05,488,17.60,80.40,54,146,,,,
2021-04-19 15:01:27 -05,489,21.90,67.50,98,80,,,,
2021-04-19 16:01:27 -05,490,20.20,72.50,54,83,,,,
2021-04-19 17:01:27 -05,491,18.20,77.10,48,80,,,,
2021-04-19 18:01:27 -05,492,17.20,80.30,57,84,,,,
2021-04-19 19:01:26 -05,493,15.50,85.10,41,80,,,,
2021-04-19 20:01:27 -05,494,14.30,88.00,35,80,,,,
2021-04-19 21:01:27 -05,495,13.60,89.30,34,67,,,,
2021-04-19 22:01:27 -05,496,13.80,89.90,35,75,,,,
2021-04-19 23:01:27 -05,497,14.10,90.50,33,78,,,,
2021-04-20 00:01:26 -05,498,14.10,90.50,32,75,,,,
2021-04-20 01:01:27 -05,499,14.30,90.80,33,79,,,,
2021-04-20 04:01:26 -05,500,13.40,91.00,31,72,,,,
2021-04-20 05:01:27 -05,501,13.20,90.10,30,73,,,,
2021-04-20 08:01:27 -05,502,22.50,61.30,99,78,,,,
2021-04-20 09:01:27 -05,503,26.20,50.20,102,84,,,,
2021-04-20 10:01:26 -05,504,26.90,43.80,100,95,,,,
2021-04-20 11:01:27 -05,505,27.10,41.70,105,82,,,,
2021-04-20 12:01:27 -05,506,28.60,38.50,85,86,,,,
2021-04-20 13:01:27 -05,507,27.30,41.90,80,89,,,,
2021-04-20 14:01:27 -05,508,29.00,37.30,81,80,,,,
2021-04-20 15:01:27 -05,509,28.10,38.30,70,93,,,,
2021-04-20 16:01:27 -05,510,24.90,43.40,60,89,,,,
2021-04-20 17:01:27 -05,511,22.30,50.10,43,71,,,,
2021-04-20 18:01:27 -05,512,21.40,53.00,47,71,,,,
2021-04-20 19:01:26 -05,513,19.60,57.20,35,67,,,,
2021-04-20 20:01:27 -05,514,18.30,63.50,38,67,,,,
2021-04-20 21:01:27 -05,515,17.80,68.00,39,68,,,,
2021-04-20 22:01:27 -05,516,17.40,69.50,45,71,,,,
2021-04-20 23:01:26 -05,517,17.40,69.60,47,74,,,,
2021-04-21 00:01:27 -05,518,16.70,72.00,55,73,,,,
2021-04-21 01:01:27 -05,519,16.40,76.20,57,74,,,,
2021-04-21 02:01:27 -05,520,15.80,79.40,64,74,,,,
2021-04-21 03:01:27 -05,521,15.50,82.20,69,73,,,,
2021-04-21 04:01:27 -05,522,15.70,81.40,70,72,,,,
2021-04-21 05:01:27 -05,523,15.60,82.90,77,78,,,,
2021-04-21 06:10:27 -05,524,15.70,81.80,79,77,,,,
2021-04-21 07:01:27 -05,525,16.50,80.50,87,77,,,,
2021-04-21 08:01:27 -05,526,20.90,65.60,86,82,,,,
2021-04-21 09:01:26 -05,527,24.80,50.70,101,91,,,,
2021-04-21 10:01:27 -05,528,26.90,43.10,95,96,,,,
2021-04-21 11:01:27 -05,529,28.50,39.20,103,158,,,,
2021-04-21 12:01:26 -05,530,29.70,36.30,96,155,,,,
2021-04-21 13:01:27 -05,531,31.20,34.10,86,159,,,,
2021-04-21 14:01:26 -05,532,30.90,33.80,81,161,,,,
2021-04-21 15:01:26 -05,533,29.20,34.10,78,154,,,,
2021-04-21 16:01:26 -05,534,27.00,39.40,107,122,,,,
2021-04-21 17:01:27 -05,535,22.90,46.20,94,119,,,,
2021-04-21 18:01:27 -05,536,20.70,52.00,79,117,,,,
2021-04-21 19:01:26 -05,537,18.80,57.80,71,119,,,,
2021-04-21 20:01:27 -05,538,17.70,60.00,74,117,,,,
2021-04-21 21:01:26 -05,539,16.70,63.20,64,115,,,,
2021-04-21 22:01:27 -05,540,15.90,65.40,58,115,,,,
2021-04-21 23:01:26 -05,541,15.10,66.90,60,112,,,,
2021-04-22 00:01:27 -05,542,15.30,70.30,46,112,,,,
2021-04-22 01:01:26 -05,543,15.20,73.60,52,120,,,,
2021-04-22 03:01:26 -05,544,15.00,72.30,45,112,,,,
2021-04-22 04:01:27 -05,545,15.20,76.60,45,113,,,,
2021-04-22 05:01:27 -05,546,15.30,76.40,43,114,,,,
2021-04-22 06:10:27 -05,547,15.40,78.20,41,115,,,,
2021-04-22 07:01:27 -05,548,15.60,68.90,39,117,,,,
2021-04-22 08:01:27 -05,549,17.20,64.30,36,112,,,,
2021-04-22 10:01:26 -05,550,24.30,49.50,35,121,,,,
2021-04-22 11:01:27 -05,551,27.10,38.90,51,145,,,,
2021-04-22 12:01:26 -05,552,27.70,36.60,47,142,,,,
2021-04-22 13:01:27 -05,553,29.50,34.10,47,145,,,,
2021-04-22 14:01:27 -05,554,30.20,33.80,110,144,,,,
2021-04-22 15:01:27 -05,555,29.50,33.60,97,135,,,,
2021-04-22 17:01:27 -05,556,26.60,37.00,61,113,,,,
2021-04-22 18:01:26 -05,557,21.90,47.40,51,104,,,,
2021-04-22 19:01:26 -05,558,20.10,50.70,44,98,,,,
2021-04-22 20:01:26 -05,559,18.50,57.90,44,94,,,,
2021-04-22 21:01:27 -05,560,16.80,66.10,42,92,,,,
2021-04-22 22:01:26 -05,561,16.30,68.90,38,92,,,,
2021-04-22 23:01:26 -05,562,15.90,69.40,31,92,,,,
2021-04-23 00:01:27 -05,563,16.20,69.20,34,87,,,,
2021-04-23 01:01:26 -05,564,16.70,64.30,68,90,,,,
2021-04-23 02:01:27 -05,565,16.80,69.00,62,87,,,,
2021-04-23 03:01:26 -05,566,16.80,72.10,64,84,,,,
2021-04-23 05:01:26 -05,567,16.40,72.90,55,92,,,,
2021-04-23 06:10:28 -05,568,16.30,75.90,52,85,,,,
2021-04-23 07:01:27 -05,569,16.50,76.00,47,93,,,,
2021-04-23 08:01:26 -05,570,17.60,74.60,50,85,,,,
2021-04-23 09:01:27 -05,571,21.20,58.70,65,106,,,,
2021-04-23 10:01:26 -05,572,27.00,43.70,63,110,,,,
2021-04-23 11:01:27 -05,573,26.90,43.70,48,90,,,,
2021-04-23 12:01:26 -05,574,26.70,42.00,41,95,,,,
2021-04-23 13:01:27 -05,575,27.30,40.10,100,112,,,,
2021-04-23 14:01:26 -05,576,28.00,38.00,96,108,,,,
2021-04-23 15:01:27 -05,577,27.00,38.10,82,87,,,,
2021-04-23 16:01:26 -05,578,27.00,41.10,70,84,,,,
2021-04-23 17:01:27 -05,579,24.60,44.50,59,77,,,,
2021-04-23 18:01:27 -05,580,21.30,50.30,54,76,,,,
2021-04-23 19:01:27 -05,581,19.30,56.60,42,68,,,,
2021-04-23 20:01:26 -05,582,17.70,61.80,38,61,,,,
2021-04-23 21:01:27 -05,583,16.60,67.20,92,65,,,,
2021-04-23 22:01:27 -05,584,16.40,68.90,82,64,,,,
2021-04-23 23:01:26 -05,585,16.60,70.00,76,62,,,,
2021-04-24 00:01:27 -05,586,16.10,71.30,65,62,,,,
2021-04-24 01:01:27 -05,587,15.00,75.10,61,60,,,,
2021-04-24 02:01:26 -05,588,14.10,74.30,52,62,,,,
2021-04-24 04:01:26 -05,589,14.60,75.40,50,61,,,,
2021-04-24 05:01:27 -05,590,14.80,75.40,45,57,,,,
2021-04-24 06:10:26 -05,591,14.80,78.20,46,54,,,,
2021-04-24 07:01:27 -05,592,15.20,78.20,47,60,,,,
2021-04-24 09:01:27 -05,593,22.50,54.80,46,63,,,,
2021-04-24 10:01:27 -05,594,25.30,48.30,45,67,,,,
2021-04-24 11:01:26 -05,595,26.70,42.00,47,72,,,,
2021-04-24 12:01:26 -05,596,25.30,44.40,56,91,,,,
2021-04-24 13:01:26 -05,597,24.50,44.40,34,66,,,,
2021-04-24 14:01:26 -05,598,26.40,42.10,97,71,,,,
2021-04-24 15:01:27 -05,599,27.10,40.00,101,81,,,,
2021-04-24 16:01:26 -05,600,26.80,38.60,81,65,,,,
2021-04-24 18:01:33 -05,601,20.80,49.30,60,59,,,,
2021-04-24 20:01:29 -05,602,18.50,59.30,65,54,,,,
2021-04-24 23:01:27 -05,603,17.60,66.70,54,72,,,,
2021-04-25 00:01:26 -05,604,17.30,70.60,49,70,,,,
2021-04-25 01:01:26 -05,605,17.40,73.30,47,70,,,,
2021-04-25 02:01:26 -05,606,16.70,76.00,49,68,,,,
2021-04-25 03:01:27 -05,607,16.90,71.80,43,68,,,,
2021-04-25 04:01:26 -05,608,16.40,73.80,44,63,,,,
2021-04-25 06:10:26 -05,609,15.20,76.30,37,67,,,,
2021-04-25 07:01:26 -05,610,15.70,73.90,40,68,,,,
2021-04-25 08:01:26 -05,611,17.30,69.40,40,70,,,,
2021-04-25 09:01:27 -05,612,24.20,54.30,45,70,,,,
2021-04-25 10:01:26 -05,613,27.00,42.40,42,77,,,,
2021-04-25 11:01:26 -05,614,29.40,37.60,60,76,,,,
2021-04-25 12:01:27 -05,615,28.30,39.60,45,145,,,,
2021-04-25 13:01:26 -05,616,27.10,45.60,65,157,,,,
2021-04-25 14:01:27 -05,617,25.60,41.90,45,148,,,,
2021-04-25 15:01:26 -05,618,26.40,41.80,122,152,,,,
2021-04-25 16:01:27 -05,619,26.20,43.60,96,150,,,,
2021-04-25 17:01:26 -05,620,23.40,48.00,77,145,,,,
2021-04-25 18:01:27 -05,621,22.00,51.20,75,144,,,,
2021-04-25 19:01:27 -05,622,20.30,54.80,60,138,,,,
2021-04-25 20:01:26 -05,623,18.90,59.20,54,135,,,,
2021-04-25 21:01:27 -05,624,18.80,60.50,56,142,,,,
2021-04-25 22:01:26 -05,625,18.40,66.70,48,140,,,,
2021-04-25 23:01:26 -05,626,17.60,79.30,40,140,,,,
2021-04-26 00:01:26 -05,627,17.10,84.80,36,137,,,,
2021-04-26 01:01:26 -05,628,16.20,85.20,118,139,,,,
2021-04-26 02:01:26 -05,629,16.40,84.60,83,136,,,,
2021-04-26 03:01:26 -05,630,16.20,84.90,83,132,,,,
2021-04-26 04:01:26 -05,631,16.20,84.70,77,132,,,,
2021-04-26 05:01:27 -05,632,15.90,85.30,72,138,,,,
2021-04-26 06:10:26 -05,633,15.90,85.80,68,132,,,,
2021-04-26 07:01:26 -05,634,16.00,85.40,68,136,,,,
2021-04-26 08:01:27 -05,635,16.70,81.50,64,135,,,,
2021-04-26 09:01:27 -05,636,18.40,71.90,66,131,,,,
2021-04-26 10:01:26 -05,637,20.90,60.70,65,136,,,,
2021-04-26 11:01:26 -05,638,21.80,57.90,55,137,,,,
2021-04-26 12:01:26 -05,639,22.90,56.80,52,141,,,,
2021-04-26 13:01:26 -05,640,27.40,42.80,72,156,,,,
2021-04-26 14:01:26 -05,641,27.00,43.00,44,141,,,,
2021-04-26 16:01:26 -05,642,26.90,40.30,84,137,,,,
2021-04-26 17:01:26 -05,643,25.50,44.60,119,122,,,,
2021-04-26 18:01:26 -05,644,21.30,54.40,108,117,,,,
2021-04-26 19:01:27 -05,645,18.40,63.20,94,107,,,,
2021-04-26 20:01:26 -05,646,18.70,61.90,92,105,,,,
2021-04-26 21:01:26 -05,647,18.40,63.80,84,105,,,,
2021-04-26 22:01:26 -05,648,17.30,65.10,75,105,,,,
2021-04-26 23:01:26 -05,649,16.90,71.80,70,105,,,,
2021-04-27 00:01:26 -05,650,16.10,75.90,70,102,,,,
2021-04-27 01:01:26 -05,651,16.20,74.10,67,99,,,,
2021-04-27 02:01:27 -05,652,15.50,76.80,60,97,,,,
2021-04-27 03:01:26 -05,653,14.90,78.00,57,100,,,,
2021-04-27 04:01:26 -05,654,15.10,79.40,58,95,,,,
2021-04-27 05:01:26 -05,655,15.00,79.70,50,99,,,,
2021-04-27 06:10:26 -05,656,13.80,80.50,49,97,,,,
2021-04-27 07:01:26 -05,657,14.20,79.80,48,98,,,,
2021-04-27 08:01:26 -05,658,22.10,60.60,51,105,,,,
2021-04-27 09:01:27 -05,659,26.20,47.00,49,109,,,,
2021-04-27 10:01:27 -05,660,27.40,42.50,65,130,,,,
2021-04-27 11:01:28 -05,661,29.30,40.70,62,131,,,,
2021-04-27 12:01:26 -05,662,31.50,35.10,55,132,,,,
2021-04-27 13:01:27 -05,663,31.40,35.10,45,130,,,,
2021-04-27 14:01:27 -05,664,28.60,38.00,55,88,,,,
2021-04-27 15:01:26 -05,665,23.90,46.40,38,70,,,,
2021-04-27 16:01:26 -05,666,21.60,59.60,74,73,,,,
2021-04-27 17:01:26 -05,667,19.50,68.30,67,80,,,,
2021-04-27 18:01:26 -05,668,18.10,80.00,55,68,,,,
2021-04-27 19:01:26 -05,669,17.30,85.40,37,67,,,,
2021-04-27 20:01:26 -05,670,17.10,87.30,45,60,,,,
2021-04-27 21:01:26 -05,671,16.70,89.00,35,60,,,,
2021-04-27 22:01:26 -05,672,16.60,88.60,36,65,,,,
2021-04-27 23:01:26 -05,673,16.20,90.10,38,59,,,,
2021-04-28 00:01:26 -05,674,15.80,90.30,35,53,,,,
2021-04-28 01:01:26 -05,675,15.90,90.20,38,51,,,,
2021-04-28 02:01:26 -05,676,15.70,90.30,35,50,,,,
2021-04-28 03:01:26 -05,677,15.50,90.50,42,62,,,,
2021-04-28 04:01:26 -05,678,15.50,91.10,35,52,,,,
2021-04-28 05:01:26 -05,679,15.60,91.00,41,55,,,,
2021-04-28 06:10:26 -05,680,15.30,90.80,35,55,,,,
2021-04-28 07:01:26 -05,681,15.40,90.80,37,62,,,,
2021-04-28 08:01:26 -05,682,16.50,90.70,38,60,,,,
2021-04-28 09:01:26 -05,683,20.40,75.80,49,81,,,,
2021-04-28 12:01:26 -05,684,27.10,42.30,44,97,,,,
2021-04-28 13:01:27 -05,685,25.70,44.30,51,80,,,,
2021-04-28 14:01:26 -05,686,25.50,42.70,48,76,,,,
2021-04-28 15:01:26 -05,687,25.40,44.30,44,72,,,,
2021-04-28 16:01:26 -05,688,20.10,67.10,40,68,,,,
2021-04-28 17:01:26 -05,689,18.30,74.30,32,66,,,,
2021-04-28 18:01:26 -05,690,17.80,76.30,52,85,,,,
2021-04-28 19:01:26 -05,691,17.20,77.40,48,60,,,,
2021-04-28 21:01:26 -05,692,16.20,79.10,35,55,,,,
2021-04-28 22:01:26 -05,693,16.00,80.50,35,57,,,,
2021-04-29 00:01:26 -05,694,15.40,82.20,46,56,,,,
2021-04-29 01:01:25 -05,695,15.20,82.50,34,52,,,,
2021-04-29 02:01:25 -05,696,15.10,84.00,44,71,,,,
2021-04-29 03:01:26 -05,697,15.00,85.00,41,71,,,,
2021-04-29 04:01:25 -05,698,14.70,86.90,40,72,,,,
2021-04-29 05:01:26 -05,699,14.70,87.80,32,78,,,,
2021-04-29 08:01:26 -05,700,17.60,79.30,36,77,,,,
2021-04-29 09:01:26 -05,701,18.90,73.90,37,79,,,,
2021-04-29 11:01:26 -05,702,23.90,55.80,36,85,,,,
2021-04-29 12:01:26 -05,703,24.40,55.10,38,85,,,,
2021-04-29 13:01:26 -05,704,26.90,47.60,34,87,,,,
2021-04-29 14:01:26 -05,705,24.90,47.40,34,89,,,,
2021-04-29 16:01:25 -05,706,26.40,40.80,31,90,,,,
2021-04-29 17:01:26 -05,707,23.40,49.50,62,83,,,,
2021-04-29 18:01:26 -05,708,20.80,56.40,57,78,,,,
2021-04-29 19:01:26 -05,709,18.80,64.40,56,75,,,,
2021-04-29 20:01:26 -05,710,18.10,67.20,55,72,,,,
2021-04-29 21:01:26 -05,711,17.70,71.40,47,74,,,,
2021-04-29 22:01:25 -05,712,17.20,71.20,50,75,,,,
2021-04-29 23:01:26 -05,713,16.60,76.30,49,71,,,,
2021-04-30 00:01:26 -05,714,16.30,78.70,42,71,,,,
2021-04-30 01:01:26 -05,715,15.90,84.00,44,71,,,,
2021-04-30 02:01:26 -05,716,15.80,89.40,45,65,,,,
2021-04-30 03:01:26 -05,717,15.40,90.20,37,62,,,,
2021-04-30 04:01:26 -05,718,14.80,90.00,35,66,,,,
2021-04-30 05:01:26 -05,719,14.10,93.50,36,61,,,,
2021-04-30 06:10:26 -05,720,13.90,92.70,38,65,,,,
2021-04-30 07:01:26 -05,721,14.50,92.30,38,66,,,,
2021-05-04 21:01:25 -05,722,18.00,66.70,43,88,,,,
2021-05-04 22:01:25 -05,723,17.70,69.70,50,86,,,,
2021-05-04 23:01:25 -05,724,17.80,70.30,53,96,,,,
2021-05-05 00:01:25 -05,725,17.30,72.00,42,86,,,,
2021-05-05 01:01:25 -05,726,17.20,73.50,45,88,,,,
2021-05-05 02:01:26 -05,727,16.70,77.20,48,87,,,,
2021-05-05 03:01:25 -05,728,16.60,77.40,42,80,,,,
2021-05-05 04:01:26 -05,729,16.50,78.30,47,80,,,,
2021-05-05 05:01:25 -05,730,16.30,79.40,47,84,,,,
2021-05-05 06:10:25 -05,731,15.90,82.60,45,83,,,,
2021-05-05 07:01:25 -05,732,16.30,80.30,44,77,,,,
2021-05-05 08:01:25 -05,733,19.10,74.70,48,75,,,,
2021-05-05 09:01:26 -05,734,21.60,59.70,45,82,,,,
2021-05-05 10:01:25 -05,735,27.00,45.90,51,85,,,,
2021-05-05 11:01:25 -05,736,27.20,44.60,70,108,,,,
2021-05-05 12:01:25 -05,737,30.70,36.90,61,110,,,,
2021-05-05 13:01:26 -05,738,31.40,34.30,59,106,,,,
2021-05-05 14:01:26 -05,739,31.70,32.40,55,106,,,,
2021-05-05 15:01:25 -05,740,31.00,33.40,53,106,,,,
2021-05-05 16:01:25 -05,741,28.40,38.20,50,96,,,,
2021-05-05 17:01:25 -05,742,25.70,43.40,35,76,,,,
2021-05-05 21:01:25 -05,743,19.30,64.40,44,62,,,,
2021-05-05 22:01:25 -05,744,18.40,67.50,54,62,,,,
2021-05-05 23:01:25 -05,745,18.50,69.50,47,58,,,,
2021-05-06 00:01:25 -05,746,17.80,75.50,44,57,,,,
2021-05-06 01:01:26 -05,747,17.30,77.10,45,55,,,,
2021-05-06 02:01:26 -05,748,17.30,76.50,44,60,,,,
2021-05-06 03:01:25 -05,749,17.00,78.80,43,56,,,,
2021-05-06 04:01:25 -05,750,17.00,82.30,46,60,,,,
2021-05-06 05:01:26 -05,751,16.90,89.40,48,55,,,,
2021-05-06 06:10:25 -05,752,15.90,87.90,43,73,,,,
2021-05-06 07:01:25 -05,753,16.60,87.70,43,78,,,,
2021-05-06 08:01:26 -05,754,18.10,79.70,47,96,,,,
2021-05-06 09:01:25 -05,755,24.90,54.80,50,96,,,,
2021-05-06 10:01:25 -05,756,27.10,45.40,72,122,,,,
2021-05-06 11:01:25 -05,757,28.90,40.70,74,127,,,,
2021-05-06 12:01:25 -05,758,30.50,37.20,64,130,,,,
2021-05-06 13:01:25 -05,759,31.30,32.20,61,119,,,,
2021-05-06 14:01:25 -05,760,30.90,32.90,60,117,,,,
2021-05-06 15:01:25 -05,761,24.20,46.40,43,95,,,,
2021-05-06 16:01:25 -05,762,21.90,48.90,42,87,,,,
2021-05-06 17:01:25 -05,763,20.50,53.90,44,82,,,,
2021-05-06 19:01:26 -05,764,18.30,61.90,42,77,,,,
2021-05-06 21:01:25 -05,765,16.50,73.30,48,70,,,,
2021-05-06 22:01:25 -05,766,16.40,72.20,42,70,,,,
2021-05-06 23:01:26 -05,767,16.00,78.00,45,90,,,,
2021-05-07 00:01:25 -05,768,16.30,75.30,42,87,,,,
2021-05-07 01:01:25 -05,769,16.40,76.30,47,89,,,,
2021-05-07 02:01:25 -05,770,16.10,78.70,46,84,,,,
2021-05-07 03:01:25 -05,771,15.70,79.00,48,87,,,,
2021-05-07 04:01:25 -05,772,15.70,80.50,48,86,,,,
2021-05-07 05:01:25 -05,773,15.70,79.10,45,84,,,,
2021-05-07 06:10:25 -05,774,15.60,80.00,46,85,,,,
2021-05-07 07:01:25 -05,775,15.60,81.90,42,80,,,,
2021-05-07 08:01:26 -05,776,19.40,69.00,47,80,,,,
2021-05-07 09:01:25 -05,777,26.30,45.00,53,87,,,,
2021-05-07 10:01:26 -05,778,27.20,41.50,73,116,,,,
2021-05-07 11:01:25 -05,779,28.80,38.10,67,117,,,,
2021-05-07 12:01:25 -05,780,30.00,34.20,72,116,,,,
2021-05-07 13:01:25 -05,781,28.90,35.80,67,119,,,,
2021-05-07 14:01:25 -05,782,27.80,37.20,69,115,,,,
2021-05-07 15:01:25 -05,783,28.00,36.60,67,109,,,,
2021-05-07 16:01:25 -05,784,26.80,37.30,74,50,,,,
2021-05-07 17:01:25 -05,785,22.90,48.00,44,55,,,,
2021-05-07 19:01:25 -05,786,19.90,57.70,42,101,,,,
2021-05-07 20:01:25 -05,787,19.10,62.60,41,150,,,,
2021-05-07 21:01:25 -05,788,18.50,66.50,45,175,,,,
2021-05-07 22:01:25 -05,789,17.80,69.10,41,183,,,,
2021-05-07 23:01:25 -05,790,17.90,68.00,42,192,,,,
2021-05-08 00:01:25 -05,791,17.70,69.40,45,195,,,,
2021-05-08 01:01:25 -05,792,17.60,69.50,48,205,,,,
2021-05-08 02:01:25 -05,793,16.40,74.40,45,215,,,,
2021-05-08 03:01:25 -05,794,16.30,76.10,44,220,,,,
2021-05-08 04:01:25 -05,795,16.00,77.90,44,225,,,,
2021-05-08 06:10:25 -05,796,16.10,78.30,43,227,,,,
2021-05-08 07:01:25 -05,797,16.20,79.40,42,232,,,,
2021-05-08 08:01:25 -05,798,18.00,74.70,48,233,,,,
2021-05-08 09:01:25 -05,799,25.00,53.30,47,240,,,,
2021-05-08 10:01:25 -05,800,26.90,44.00,51,244,,,,
2021-05-08 11:01:25 -05,801,26.40,42.90,52,250,,,,
2021-05-08 12:01:25 -05,802,27.10,41.40,75,265,,,,
2021-05-08 13:01:25 -05,803,30.20,35.70,71,265,,,,
2021-05-08 14:01:25 -05,804,27.40,40.30,68,265,,,,
2021-05-08 16:01:25 -05,805,23.00,57.50,47,248,,,,
2021-05-08 17:01:25 -05,806,21.30,59.60,52,245,,,,
2021-05-08 18:01:25 -05,807,19.30,69.40,42,246,,,,
2021-05-08 20:01:25 -05,808,17.90,70.10,46,238,,,,
2021-05-08 22:01:25 -05,809,17.20,72.30,44,232,,,,
2021-05-08 23:01:25 -05,810,17.10,73.40,44,234,,,,
2021-05-09 00:01:25 -05,811,16.30,77.90,44,234,,,,
2021-05-09 01:01:25 -05,812,16.40,75.00,46,231,,,,
2021-05-09 02:01:25 -05,813,15.80,76.20,45,230,,,,
2021-05-09 03:01:25 -05,814,15.40,76.40,42,230,,,,
2021-05-09 05:01:25 -05,815,14.70,79.20,48,227,,,,
2021-05-09 06:10:25 -05,816,14.70,79.30,50,230,,,,
2021-05-09 07:01:25 -05,817,15.40,80.30,45,228,,,,
2021-05-09 08:01:25 -05,818,17.60,72.60,45,227,,,,
2021-05-09 09:01:25 -05,819,21.90,54.30,47,230,,,,
2021-05-09 10:01:25 -05,820,25.70,43.40,50,237,,,,
2021-05-09 11:01:25 -05,821,24.70,43.60,52,240,,,,
2021-05-09 12:01:25 -05,822,26.40,40.90,50,243,,,,
2021-05-09 13:01:25 -05,823,26.00,40.70,51,250,,,,
2021-05-09 14:01:25 -05,824,24.80,43.60,49,244,,,,
2021-05-09 15:01:25 -05,825,23.60,46.50,42,249,,,,
2021-05-09 16:01:25 -05,826,22.90,48.10,50,246,,,,
2021-05-09 17:01:25 -05,827,21.60,50.70,42,240,,,,
2021-05-09 18:01:25 -05,828,19.90,56.00,63,242,,,,
2021-05-09 19:01:25 -05,829,18.90,59.30,55,235,,,,
2021-05-09 20:01:25 -05,830,18.20,61.60,57,232,,,,
2021-05-09 21:01:24 -05,831,17.50,63.20,52,232,,,,
2021-05-09 22:01:25 -05,832,17.40,63.60,52,230,,,,
2021-05-09 23:01:25 -05,833,17.10,63.40,51,228,,,,
2021-05-10 00:01:25 -05,834,16.90,64.50,49,227,,,,
2021-05-10 01:01:25 -05,835,16.80,66.50,46,229,,,,
2021-05-10 02:01:25 -05,836,16.20,71.10,49,227,,,,
2021-05-10 03:01:25 -05,837,16.30,70.40,44,227,,,,
2021-05-10 04:01:24 -05,838,16.40,69.20,44,226,,,,
2021-05-10 05:01:25 -05,839,16.40,68.80,44,225,,,,
2021-05-10 06:10:25 -05,840,16.00,70.50,47,224,,,,
2021-05-10 07:01:25 -05,841,16.20,70.30,50,221,,,,
2021-05-10 08:01:25 -05,842,19.70,59.60,52,225,,,,
2021-05-10 09:01:24 -05,843,25.90,43.00,85,242,,,,
2021-05-10 10:01:25 -05,844,26.90,40.70,59,236,,,,
2021-05-10 11:01:25 -05,845,28.30,38.10,74,258,,,,
2021-05-10 13:01:24 -05,846,28.10,37.40,85,270,,,,
2021-05-10 14:01:25 -05,847,26.70,39.20,55,251,,,,
2021-05-10 15:01:24 -05,848,24.50,41.30,52,250,,,,
2021-05-10 16:01:25 -05,849,23.70,44.40,64,257,,,,
2021-05-10 17:01:25 -05,850,22.60,47.00,51,242,,,,
2021-05-10 18:01:25 -05,851,20.10,54.10,47,245,,,,
2021-05-10 19:01:25 -05,852,18.90,56.70,44,239,,,,
2021-05-10 20:01:25 -05,853,18.20,58.80,54,232,,,,
2021-05-10 21:01:24 -05,854,17.50,61.90,44,235,,,,
2021-05-10 23:01:25 -05,855,17.40,61.70,42,235,,,,
2021-05-11 00:01:25 -05,856,17.20,63.50,46,232,,,,
2021-05-11 01:01:25 -05,857,16.80,64.80,51,229,,,,
2021-05-11 02:01:25 -05,858,16.40,69.50,50,230,,,,
2021-05-11 03:01:25 -05,859,15.90,69.70,46,230,,,,
2021-05-11 05:01:25 -05,860,15.40,76.00,48,227,,,,
2021-05-11 06:10:25 -05,861,15.20,77.50,45,227,,,,
2021-05-11 07:01:25 -05,862,16.30,76.40,70,243,,,,
2021-05-11 08:01:24 -05,863,17.40,68.40,47,228,,,,
2021-05-11 09:01:25 -05,864,18.70,62.90,50,229,,,,
2021-05-11 10:01:25 -05,865,20.70,56.10,60,230,,,,
2021-05-11 11:01:25 -05,866,23.80,48.90,51,232,,,,
2021-05-11 12:01:25 -05,867,25.20,45.10,52,239,,,,
2021-05-11 13:01:25 -05,868,24.90,44.00,54,240,,,,
2021-05-11 14:01:25 -05,869,27.10,39.50,68,254,,,,
2021-05-11 15:01:25 -05,870,27.40,38.40,72,256,,,,
2021-05-11 16:01:24 -05,871,25.80,42.10,55,248,,,,
2021-05-11 17:01:25 -05,872,24.90,43.10,71,256,,,,
2021-05-11 18:01:25 -05,873,20.80,50.90,55,242,,,,
2021-05-11 19:01:25 -05,874,19.00,54.70,84,240,,,,
2021-05-11 20:01:25 -05,875,17.40,59.90,68,235,,,,
2021-05-11 21:01:25 -05,876,17.00,64.50,66,234,,,,
2021-05-11 22:01:24 -05,877,16.80,66.60,54,186,,,,
2021-05-11 23:01:25 -05,878,17.20,65.80,51,187,,,,
2021-05-12 00:01:24 -05,879,17.10,66.80,47,192,,,,
2021-05-12 01:01:25 -05,880,16.90,67.40,49,187,,,,
2021-05-12 02:01:25 -05,881,16.30,68.90,46,192,,,,
2021-05-12 03:01:25 -05,882,15.50,69.50,41,193,,,,
2021-05-12 05:01:24 -05,883,15.70,74.40,44,195,,,,
2021-05-12 06:10:25 -05,884,15.70,79.50,47,195,,,,
2021-05-12 07:01:25 -05,885,15.60,79.70,50,195,,,,
2021-05-12 08:01:25 -05,886,17.70,76.40,51,200,,,,
2021-05-12 09:01:25 -05,887,22.30,55.50,48,202,,,,
2021-05-12 10:01:27 -05,888,25.40,44.60,51,206,,,,
2021-05-12 11:01:24 -05,889,25.20,46.00,51,212,,,,
2021-05-12 12:01:25 -05,890,27.00,42.50,74,230,,,,
2021-05-12 13:01:25 -05,891,26.00,43.10,55,222,,,,
2021-05-12 15:01:25 -05,892,24.50,44.50,51,216,,,,
2021-05-12 16:01:24 -05,893,23.20,47.40,52,210,,,,
2021-05-12 17:01:24 -05,894,20.60,57.50,114,211,,,,
2021-05-12 18:01:25 -05,895,19.20,61.50,100,203,,,,
2021-05-12 19:01:24 -05,896,17.90,64.40,81,201,,,,
2021-05-12 20:01:25 -05,897,16.70,67.50,77,202,,,,
2021-05-12 21:01:24 -05,898,15.80,71.30,72,197,,,,
2021-05-12 22:01:25 -05,899,15.40,72.00,67,191,,,,
2021-05-12 23:01:25 -05,900,15.70,74.80,68,189,,,,
2021-05-13 00:01:25 -05,901,15.50,77.10,56,190,,,,
2021-05-13 01:01:25 -05,902,15.50,78.20,57,189,,,,
2021-05-13 02:01:24 -05,903,15.30,79.50,55,187,,,,
2021-05-13 03:01:25 -05,904,15.40,79.90,52,185,,,,
2021-05-13 04:01:24 -05,905,15.30,80.80,47,182,,,,
2021-05-13 05:01:25 -05,906,15.30,80.60,45,185,,,,
2021-05-13 06:10:24 -05,907,15.20,81.50,45,185,,,,
2021-05-13 08:01:24 -05,908,17.20,75.50,52,185,,,,
2021-05-13 09:01:25 -05,909,20.00,62.90,51,185,,,,
2021-05-13 10:01:25 -05,910,24.20,49.80,51,192,,,,
2021-05-13 11:01:25 -05,911,28.20,42.10,72,212,,,,
2021-05-13 12:01:24 -05,912,27.40,41.30,74,217,,,,
2021-05-13 13:01:25 -05,913,26.90,40.80,51,205,,,,
2021-05-13 14:01:25 -05,914,25.80,43.10,48,202,,,,
2021-05-13 15:01:24 -05,915,25.80,44.40,50,202,,,,
2021-05-13 16:01:25 -05,916,24.90,45.60,50,195,,,,
2021-05-13 17:01:24 -05,917,22.70,51.10,40,193,,,,
2021-05-13 18:01:25 -05,918,20.70,55.60,74,183,,,,
2021-05-13 19:01:24 -05,919,19.00,61.30,72,180,,,,
2021-05-13 20:01:25 -05,920,17.90,65.20,64,175,,,,
2021-05-13 21:01:24 -05,921,17.30,67.70,61,168,,,,
2021-05-13 22:01:25 -05,922,17.50,67.70,58,170,,,,
2021-05-13 23:01:24 -05,923,17.50,68.60,57,170,,,,
2021-05-14 00:01:25 -05,924,17.10,70.70,51,164,,,,
2021-05-14 01:01:25 -05,925,17.00,71.70,53,163,,,,
2021-05-14 02:01:25 -05,926,16.80,73.20,49,165,,,,
2021-05-14 03:01:24 -05,927,16.40,74.80,47,162,,,,
2021-05-14 04:01:25 -05,928,16.20,76.10,50,165,,,,
2021-05-14 05:01:24 -05,929,15.90,78.80,45,159,,,,
2021-05-14 06:10:24 -05,930,15.90,79.40,60,155,,,,
2021-05-14 07:01:24 -05,931,16.60,79.80,66,157,,,,
2021-05-14 08:01:24 -05,932,19.90,66.70,68,156,,,,
2021-05-14 09:01:25 -05,933,23.10,55.00,71,162,,,,
2021-05-14 10:01:24 -05,934,26.90,45.00,74,170,,,,
2021-05-14 11:01:25 -05,935,26.10,45.90,90,185,,,,
2021-05-14 12:01:25 -05,936,23.30,51.80,59,166,,,,
2021-05-14 13:01:25 -05,937,26.80,46.10,62,165,,,,
2021-05-14 14:01:24 -05,938,27.00,44.20,75,183,,,,
2021-05-14 15:01:24 -05,939,23.80,50.20,54,160,,,,
2021-05-14 16:01:25 -05,940,24.10,49.80,52,157,,,,
2021-05-14 17:01:24 -05,941,21.90,55.00,52,148,,,,
2021-05-14 18:01:24 -05,942,20.30,59.70,49,151,,,,
2021-05-14 19:01:25 -05,943,18.70,64.40,51,137,,,,
2021-05-14 20:01:24 -05,944,18.70,66.80,52,135,,,,
2021-05-14 21:01:24 -05,945,18.60,69.60,49,136,,,,
2021-05-14 22:01:25 -05,946,18.20,69.60,47,133,,,,
2021-05-14 23:01:25 -05,947,18.00,71.30,47,132,,,,
2021-05-15 00:01:24 -05,948,17.80,71.50,45,127,,,,
2021-05-15 01:01:24 -05,949,17.70,71.40,42,122,,,,
2021-05-15 02:01:25 -05,950,17.30,71.50,46,125,,,,
2021-05-15 03:01:24 -05,951,16.90,73.80,52,122,,,,
2021-05-15 04:01:25 -05,952,15.90,78.40,50,122,,,,
2021-05-15 05:01:24 -05,953,15.80,81.40,49,123,,,,
2021-05-15 06:10:25 -05,954,15.80,81.20,46,117,,,,
2021-05-15 07:01:25 -05,955,16.20,80.90,52,119,,,,
2021-05-15 08:01:25 -05,956,17.30,76.70,52,120,,,,
2021-05-15 09:01:24 -05,957,18.80,69.40,46,119,,,,
2021-05-15 10:01:24 -05,958,20.80,61.30,54,120,,,,
2021-05-15 11:01:25 -05,959,23.50,49.80,54,122,,,,
2021-05-15 12:01:24 -05,960,22.60,50.80,51,122,,,,
2021-05-15 13:01:24 -05,961,22.40,57.10,53,127,,,,
2021-05-15 14:01:25 -05,962,21.00,68.00,53,125,,,,
2021-05-15 15:01:25 -05,963,21.10,61.90,48,125,,,,
2021-05-15 16:01:24 -05,964,20.10,62.60,46,121,,,,
2021-05-15 17:01:24 -05,965,19.50,65.90,44,120,,,,
2021-05-15 18:01:24 -05,966,18.30,69.40,48,116,,,,
2021-05-15 19:01:25 -05,967,18.00,72.80,49,108,,,,
2021-05-15 20:01:24 -05,968,17.50,73.70,48,112,,,,
2021-05-15 21:01:24 -05,969,17.00,76.40,50,106,,,,
2021-05-15 22:01:24 -05,970,16.60,80.50,50,106,,,,
2021-05-15 23:01:24 -05,971,16.30,81.40,45,104,,,,
2021-05-16 00:01:25 -05,972,16.30,81.70,44,100,,,,
2021-05-16 01:01:25 -05,973,16.20,81.60,54,97,,,,
2021-05-16 03:01:25 -05,974,15.50,88.80,46,97,,,,
2021-05-16 04:01:24 -05,975,15.50,90.20,46,97,,,,
2021-05-16 05:01:24 -05,976,15.40,90.60,42,99,,,,
2021-05-16 06:10:24 -05,977,15.30,90.90,44,93,,,,
2021-05-16 07:01:24 -05,978,15.40,91.70,52,97,,,,
2021-05-16 08:01:24 -05,979,17.90,91.40,55,101,,,,
2021-05-16 09:01:24 -05,980,22.10,77.30,57,100,,,,
2021-05-16 10:01:24 -05,981,24.70,57.30,55,105,,,,
2021-05-16 11:01:24 -05,982,25.80,51.40,72,126,,,,
2021-05-16 12:01:25 -05,983,25.50,52.70,54,107,,,,
2021-05-16 13:01:24 -05,984,24.20,55.20,51,109,,,,
2021-05-16 14:01:25 -05,985,24.60,60.70,49,107,,,,
2021-05-16 15:01:24 -05,986,23.60,58.20,47,104,,,,
2021-05-16 16:01:25 -05,987,25.30,50.60,48,102,,,,
2021-05-16 17:01:24 -05,988,22.20,57.90,45,100,,,,
2021-05-16 18:01:24 -05,989,19.80,63.80,51,95,,,,
2021-05-16 19:01:24 -05,990,18.40,73.70,47,88,,,,
2021-05-16 21:01:25 -05,991,17.20,77.70,48,82,,,,
2021-05-16 22:01:24 -05,992,17.30,78.30,48,80,,,,
2021-05-16 23:01:25 -05,993,17.30,78.70,49,82,,,,
2021-05-17 00:01:24 -05,994,17.20,78.50,49,82,,,,
2021-05-17 01:01:24 -05,995,16.80,79.60,50,77,,,,
2021-05-17 02:01:24 -05,996,16.30,83.10,44,79,,,,
2021-05-17 03:01:24 -05,997,16.10,83.40,48,79,,,,
2021-05-17 04:01:24 -05,998,15.80,88.70,47,75,,,,
2021-05-17 05:01:24 -05,999,15.60,90.70,47,75,,,,
2021-05-17 06:10:24 -05,1000,15.60,91.20,50,79,,,,
2021-05-17 07:01:24 -05,1001,16.50,90.90,48,73,,,,
2021-05-17 08:01:24 -05,1002,17.20,85.30,48,75,,,,
2021-05-17 09:01:24 -05,1003,23.10,63.60,53,75,,,,
2021-05-17 10:01:25 -05,1004,23.90,55.80,52,82,,,,
2021-05-17 11:01:24 -05,1005,24.70,53.80,52,82,,,,
2021-05-17 12:01:24 -05,1006,27.40,45.90,70,108,,,,
2021-05-17 13:01:25 -05,1007,29.50,41.50,70,111,,,,
2021-05-17 14:01:24 -05,1008,29.60,39.20,71,110,,,,
2021-05-17 15:01:24 -05,1009,29.40,37.70,59,112,,,,
2021-05-17 16:01:24 -05,1010,27.00,42.90,66,109,,,,
2021-05-17 17:01:24 -05,1011,24.00,47.60,65,87,,,,
2021-05-17 18:01:24 -05,1012,21.60,52.30,59,85,,,,
2021-05-17 19:01:24 -05,1013,19.50,65.70,50,73,,,,
2021-05-17 20:01:24 -05,1014,18.10,74.20,47,70,,,,
2021-05-17 21:01:24 -05,1015,17.40,82.10,46,66,,,,
2021-05-17 22:01:24 -05,1016,16.80,85.90,48,65,,,,
2021-05-17 23:01:24 -05,1017,16.50,87.40,44,62,,,,
2021-05-18 00:01:24 -05,1018,16.50,90.70,48,65,,,,
2021-05-18 01:01:24 -05,1019,16.40,91.00,51,65,,,,
2021-05-18 02:01:24 -05,1020,15.70,90.70,49,62,,,,
2021-05-18 03:01:24 -05,1021,15.20,91.50,49,64,,,,
2021-05-18 04:01:25 -05,1022,14.90,91.80,45,57,,,,
2021-05-18 05:01:24 -05,1023,14.60,91.90,49,60,,,,
2021-05-18 06:10:25 -05,1024,14.70,92.00,45,62,,,,
2021-05-18 07:01:24 -05,1025,15.30,91.70,47,57,,,,
2021-05-18 08:01:24 -05,1026,15.80,90.70,47,61,,,,
2021-05-18 09:01:25 -05,1027,16.70,82.90,51,59,,,,
2021-05-18 10:01:24 -05,1028,16.60,81.10,50,62,,,,
2021-05-18 11:01:24 -05,1029,18.40,68.60,47,57,,,,
2021-05-18 12:01:24 -05,1030,20.10,63.00,50,67,,,,
2021-05-18 13:01:24 -05,1031,21.80,56.20,65,99,,,,
2021-05-18 14:01:24 -05,1032,22.70,51.40,52,73,,,,
2021-05-18 15:01:24 -05,1033,22.20,52.00,65,100,,,,
2021-05-18 16:01:24 -05,1034,22.50,51.70,52,75,,,,
2021-05-18 17:01:24 -05,1035,20.80,54.70,63,96,,,,
2021-05-18 18:01:25 -05,1036,18.70,62.00,48,74,,,,
2021-05-18 19:01:24 -05,1037,17.60,66.20,48,65,,,,
2021-05-18 20:01:24 -05,1038,16.10,72.10,46,65,,,,
2021-05-18 21:01:24 -05,1039,14.60,76.10,51,59,,,,
2021-05-18 22:01:25 -05,1040,13.50,78.80,47,62,,,,
2021-05-18 23:01:24 -05,1041,13.80,85.10,44,57,,,,
2021-05-19 00:01:24 -05,1042,14.30,81.90,48,60,,,,
2021-05-19 01:01:24 -05,1043,13.80,78.20,45,58,,,,
2021-05-19 02:01:24 -05,1044,14.00,77.40,47,58,,,,
2021-05-19 04:01:24 -05,1045,13.30,79.90,51,55,,,,
2021-05-19 05:01:24 -05,1046,13.00,82.00,47,55,,,,
2021-05-19 06:10:24 -05,1047,13.50,81.90,45,52,,,,
2021-05-19 07:01:24 -05,1048,14.30,81.60,55,52,,,,
2021-05-19 08:01:24 -05,1049,16.90,71.30,51,56,,,,
2021-05-19 09:01:24 -05,1050,21.80,55.70,50,63,,,,
2021-05-19 10:01:24 -05,1051,25.60,47.00,51,59,,,,
2021-05-19 11:01:24 -05,1052,27.00,46.20,55,79,,,,
2021-05-19 12:01:24 -05,1053,27.00,45.70,55,72,,,,
2021-05-19 13:01:24 -05,1054,27.00,42.50,60,72,,,,
2021-05-19 14:01:25 -05,1055,25.50,44.40,56,74,,,,
2021-05-19 15:01:24 -05,1056,25.50,45.40,48,80,,,,
2021-05-19 16:01:24 -05,1057,23.90,47.70,48,85,,,,
2021-05-19 17:01:24 -05,1058,24.80,46.30,48,85,,,,
2021-05-19 18:01:24 -05,1059,20.70,56.40,44,85,,,,
